Files used in this report,Implant ID,Quantity,Instrument ID,Quantity
8750S-20 MIS Burr Bin #1.pdf,AR-300-B002,1,AR-8737-34,3
8950S01-5 9944S-2.pdf,AR-300-B202,1,AR-8770-02,1
9943s2 Cape PDF.pdf,AR-8725-24H,2,AR-8944-22,2
BMG Fibulock 5.pdf,AR-8737-39,8,AR-8943-16,2
bmg_ankle_fix.pdf,AR-8737-41,3,AR-8943-30,2
BOS NORTH 8737S-25.pdf,AR-8770-65H,2,AR-8943-36,1
Bos North Ankle fx 26 24622.pdf,AR-8770K,2,AR-8973-37,1
bosNorth2.pdf,OEM04364100,1,AR-4160-35,3
bos_south.pdf,AR-13227,2,AR-8943-02,3
Headless Compression #19.pdf,AR-8737-04,1,AR-8943-42,3
North Shore 8741S-14 28585.pdf,AR-8916-14,2,AR-8933-20C,1
North Shore Set 24 18359.pdf,AR-8930-12,1,AR-8737-35,1
North Shore Set 9 2.4 cfs 42102.pdf,AR-8930-13,1,AR-8737-50,1
Philbrick OSC Set 10.pdf,AR-8933VCL-14,3,AR-8741-14,3
,AR-8933VCL-16,4,AR-8741-25,1
,AR-8933VCL-18,3,,
,AR-8941K,2,,
,AR-9933-18,1,,
,AR-9933HY-20,1,,
,AR-9944S-0R,1,,
,AR-13226,10,,
,AR-8933-18,2,,
,AR-8933-24,1,,
,AR-8935-14,6,,
,AR-8935-16,1,,
,AR-8943-01,7,,
,AR-9943BL-06,1,,
,AR-8827-14,2,,
,AR-8827-20,1,,
,AR-8827CL-12,3,,
,AR-8827CL-14,1,,
,AR-8835-12,2,,
,AR-8835-14,1,,
,AR-8835-20,1,,
,AR-8835CL-10,1,,
,AR-8840CL-35,2,,
,AR-8943DR-05,1,,
,AR-8724-12PT,1,,
,AR-8737-21,1,,
,AR-8935-12,2,,
,AR-8935-18,2,,
,AR-8935-24,2,,
,AR-8935-30,2,,
,AR-8935-44,2,,
,AR-8935CL-12,2,,
,AR-8935CL-14,2,,
,AR-8935CL-16,2,,
,AR-9943T-08,2,,
,AR-8725-26H,3,,
,AR-8730-36H,1,,
,AR-8740-40H,1,,
,AR-8725-18H,1,,
,AR-8735BV-30,1,,
,AR-8735BV-36,1,,
,AR-8735BV-40,1,,
,AR-8735BV-42,1,,
,AR-8735BV-48,1,,
,AR-8741-16,2,,
,AR-8719DS-1815,1,,
,AR-8725-30H,1,,
,AR-8933-12,1,,
,AR-8933-14,1,,
,AR-8933VCL-12,2,,
,AR-8724V-16,1,,
,AR-8724V-18,5,,
,AR-8724V-20,1,,
,AR-8916-06,1,,
,AR-8916VNC-18,5,,
,AR-8916VNL-03,1,,
,AR-8916VNR-03,1,,
,AR-8935-13,2,,
,AR-8935L-14,1,,
